marketing_id,campaign_group_id,product_id,product_segment,promotion_type,discount_value,target_customer_type,promotion_date,duration_days,channel,budget,actual_cost,campaign_start_date,campaign_end_date,campaign_duration_weeks,discount_bucket,budget_variance,budget_variance_pct,over_budget_flag
MKT_03769d23,CAMP_404e2990,PROD_e5f3253c,Produits grand public,produit_gratuit,17.775,bronze,2024-10-11,8.0,email,1628.0,1189.21,2024-10-11,2024-10-19,1.1428571428571428,11-20,-438.78999999999996,-0.269527027027027,0
MKT_45622f5a,CAMP_404e2990,PROD_fd077023,unknown,remboursement_immediat,27.24,or,2018-05-31,3.0,email,6045.0,5604.75,2018-05-31,2018-06-03,0.42857142857142855,21-40,-440.25,-0.0728287841191067,0
MKT_555dbc30,CAMP_404e2990,PROD_09a63aeb,Produits grand public,produit_gratuit,53.19,platine,2024-03-21,18.0,email,500.0,500.18,2024-03-21,2024-04-08,2.5714285714285716,40+,0.18000000000000682,0.00036000000000001363,1
MKT_e5c51a8e,CAMP_404e2990,PROD_c45630d4,Produits grand public,pourcentage_remise,10.99,platine,2025-01-12,9.0,email,15669.0,19210.86,2025-01-12,2025-01-21,1.2857142857142858,11-20,3541.8600000000006,0.22604250430786907,1
MKT_94eb62f8,CAMP_404e2990,PROD_1541e780,unknown,pourcentage_remise,8.0,or,2020-09-13,5.0,email,13327.0,16545.01,2020-09-13,2020-09-18,0.7142857142857143,1-10,3218.0099999999984,0.24146544608689116,1
MKT_99bfc37f,CAMP_b57b1f47,PROD_53e903c5,Produits de niche,produit_gratuit,18.16,or,2018-01-29,22.0,email,14444.0,15806.9,2018-01-29,2018-02-20,3.142857142857143,11-20,1362.8999999999996,0.09435751869288284,1
MKT_09301bf1,CAMP_b57b1f47,PROD_de7db016,Produits grand public,pourcentage_remise,19.06,bronze,2016-03-06,4.0,TV,7076.0,6082.33,2016-03-06,2016-03-10,0.5714285714285714,11-20,-993.6700000000001,-0.140428208027134,0
MKT_2433af26,CAMP_b57b1f47,PROD_6a423d4d,Produits grand public,produit_gratuit,280.38,argent,2023-11-06,13.0,SMS,16192.0,14094.36,2023-11-06,2023-11-19,1.8571428571428572,40+,-2097.6399999999994,-0.12954792490118575,0
MKT_e9cf94cd,CAMP_b57b1f47,PROD_70c8adc6,Produits grand public,pourcentage_remise,9.16,bronze,2021-07-13,13.0,email,14445.0,14160.16,2021-07-13,2021-07-26,1.8571428571428572,1-10,-284.84000000000015,-0.019718933887158195,0
MKT_4402b8b2,CAMP_d0741328,PROD_b545e9e6,Produits de niche,pourcentage_remise,16.06,or,2023-06-17,22.0,email,5654.0,4472.98,2023-06-17,2023-07-09,3.142857142857143,11-20,-1181.0200000000004,-0.20888220728687662,0
MKT_ef234f1b,CAMP_d0741328,BADID,Produits grand public,pourcentage_remise,24.13,argent,2024-01-28,27.0,email,25327.0,26041.73,2024-01-28,2024-02-24,3.857142857142857,21-40,714.7299999999996,0.028220081336123488,1
MKT_4dac25f5,CAMP_d0741328,PROD_c520b909,Produits grand public,remboursement_immediat,19.96,platine,2022-05-22,9.0,email,10260.0,10412.57,2022-05-22,2022-05-31,1.2857142857142858,11-20,152.5699999999997,0.014870370370370343,1
MKT_f76a5e0d,CAMP_d0741328,PROD_0916a381,Produits grand public,unknown,17.775,argent,2022-01-27,15.0,email,11579.0,10464.25,2022-01-27,2022-02-11,2.142857142857143,11-20,-1114.75,-0.09627342602988168,0
MKT_1fd1f71d,CAMP_d0741328,PROD_469654f9,Produits de niche,remboursement_immediat,17.19,argent,2021-07-15,10.0,email,10742.0,10190.474999999999,2021-07-15,2021-07-25,1.4285714285714286,11-20,-551.5250000000015,-0.05134285980264396,0
MKT_647ce14e,CAMP_d0741328,PROD_971d3eb0,Produits grand public,produit_gratuit,80.31,or,2025-08-02,16.0,unknown,3949.0,3540.08,2025-08-02,2025-08-18,2.2857142857142856,40+,-408.9200000000001,-0.10355026589009877,0
MKT_279468b8,CAMP_d0741328,PROD_065273d0,Produits grand public,pourcentage_remise,22.16,bronze,2023-02-15,15.0,email,9898.0,11621.3,2023-02-15,2023-03-02,2.142857142857143,21-40,1723.2999999999993,0.1741058799757526,1
MKT_18bd0efe,CAMP_c5193667,PROD_543941e7,Produits grand public,remboursement_immediat,39.18,unknown,2025-03-14,19.0,email,4520.0,4736.78,2025-03-14,2025-04-02,2.7142857142857144,21-40,216.77999999999975,0.047960176991150384,1
MKT_01545bf5,CAMP_c5193667,PROD_efaae5cf,unknown,remboursement_immediat,3.06,or,2021-02-03,29.0,SMS,500.0,396.73,2021-02-03,2021-03-04,4.142857142857143,1-10,-103.26999999999998,-0.20653999999999997,0
MKT_9f0f8e17,CAMP_c5193667,PROD_aaefb28d,Produits de niche,remboursement_immediat,32.02,argent,2022-12-29,29.0,email,14314.0,16612.32,2022-12-29,2023-01-27,4.142857142857143,21-40,2298.3199999999997,0.16056448232499648,1
MKT_c8cc27a1,CAMP_c5193667,PROD_UNKNOWN,Produits grand public,pourcentage_remise,12.32,platine,2016-03-10,13.0,SMS,500.0,463.91,2016-03-10,2016-03-23,1.8571428571428572,11-20,-36.089999999999975,-0.07217999999999995,0
MKT_b4443ebd,CAMP_c5193667,PROD_8f0df4a1,unknown,produit_gratuit,9.51,bronze,2023-08-04,27.0,SMS,500.0,633.02,2023-08-04,2023-08-31,3.857142857142857,1-10,133.01999999999998,0.26603999999999994,1
MKT_1cb940fb,CAMP_c5193667,PROD_cda0843f,Produits grand public,Narnia,6.2,inconnu,2020-04-27,16.0,email,16012.0,19205.1,2020-04-27,2020-05-13,2.2857142857142856,1-10,3193.0999999999985,0.1994191856107918,1
BADID,CAMP_c5193667,PROD_05506e26,Produits de niche,extra,73.31,Narnia,2015-08-09,23.0,email,500.0,442.01,2015-08-09,2015-09-01,3.2857142857142856,40+,-57.99000000000001,-0.11598000000000001,0
MKT_c1b2d2c2,CAMP_c5193667,PROD_a88f3620,Produits grand public,produit_gratuit,6.76,or,2023-03-02,25.0,email,5167.0,6484.21,2023-03-02,2023-03-27,3.5714285714285716,1-10,1317.21,0.2549274240371589,1
MKT_150f5761,CAMP_0863c91c,PROD_69b16fac,Produits de niche,pourcentage_remise,11.25,unknown,2015-03-29,4.0,SMS,12074.0,9102.13,2015-03-29,2015-04-02,0.5714285714285714,11-20,-2971.870000000001,-0.24613798244161014,0
MKT_4313fea4,CAMP_0863c91c,PROD_5463c06a,unknown,pourcentage_remise,5.05,platine,2018-09-01,20.0,SMS,14039.0,12921.3,2018-09-01,2018-09-21,2.857142857142857,1-10,-1117.7000000000007,-0.07961393261628326,0
MKT_68c7149e,CAMP_0863c91c,PROD_2a08e6d4,Produits grand public,pourcentage_remise,12.83,argent,2020-09-24,27.0,email,14086.0,10000.81,2020-09-24,2020-10-21,3.857142857142857,11-20,-4085.1900000000005,-0.29001774811869946,0
MKT_c2eac913,CAMP_0863c91c,PROD_c6c871b9,unknown,pourcentage_remise,10.56,argent,2015-08-16,19.0,SMS,15414.0,11655.26,2015-08-16,2015-09-04,2.7142857142857144,11-20,-3758.74,-0.24385234202672892,0
MKT_579fce27,CAMP_0863c91c,PROD_fd077023,Produits grand public,unknown,17.775,or,2019-01-29,19.0,unknown,1496.0,1706.45,2019-01-29,2019-02-17,2.7142857142857144,11-20,210.45000000000005,0.1406751336898396,1
MKT_54c9884d,CAMP_0863c91c,PROD_UNKNOWN,Produits grand public,remboursement_immediat,12.66,argent,2021-06-11,25.0,email,14064.0,10170.98,2021-06-11,2021-07-06,3.5714285714285716,11-20,-3893.0200000000004,-0.27680745164960185,0
MKT_002bc958,CAMP_0863c91c,PROD_c2402c8c,Produits grand public,pourcentage_remise,21.74,bronze,2022-02-27,3.0,TV,6215.0,7664.4,2022-02-27,2022-03-02,0.42857142857142855,21-40,1449.3999999999996,0.23320997586484307,1
MKT_7396a43e,CAMP_0863c91c,PROD_7e1c5a57,Produits grand public,pourcentage_remise,7.7,platine,2016-06-04,20.0,email,500.0,579.16,2016-06-04,2016-06-24,2.857142857142857,1-10,79.15999999999997,0.15831999999999993,1
MKT_ff59372a,CAMP_ba1f8f47,PROD_33eac6db,unknown,unknown,17.775,argent,2020-12-18,22.0,SMS,23138.0,19726.64,2020-12-18,2021-01-09,3.142857142857143,11-20,-3411.3600000000006,-0.14743538767395628,0
MKT_9b511bf0,CAMP_ba1f8f47,PROD_UNKNOWN,Produits de niche,extra,5.56,bronze,2017-01-24,22.0,SMS,10742.0,10190.474999999999,2017-01-24,2017-02-15,3.142857142857143,1-10,-551.5250000000015,-0.05134285980264396,0
MKT_eb8ff626,CAMP_ba1f8f47,PROD_fa55ddd4,Produits de niche,produit_gratuit,61.93,unknown,2017-02-02,8.0,SMS,10006.0,8268.48,2017-02-02,2017-02-10,1.1428571428571428,40+,-1737.5200000000004,-0.1736478113132121,0
MKT_de7681e7,CAMP_ba1f8f47,PROD_UNKNOWN,Produits de niche,pourcentage_remise,27.37,argent,2016-04-11,28.0,email,3551.0,2883.23,2016-04-11,2016-05-09,4.0,21-40,-667.77,-0.18805125316812166,0
MKT_1e004164,CAMP_ba1f8f47,PROD_bcd28638,Produits grand public,pourcentage_remise,17.09,or,2018-12-23,28.0,email,14191.0,14570.36,2018-12-23,2019-01-20,4.0,11-20,379.3600000000006,0.026732436051018292,1
MKT_ee47a7d9,CAMP_ba1f8f47,PROD_UNKNOWN,Produits grand public,Narnia,17.775,platine,2015-06-15,10.0,email,6658.0,5699.61,2015-06-15,2015-06-25,1.4285714285714286,11-20,-958.3900000000003,-0.1439456293181136,0
MKT_b0515d8a,CAMP_3cbea4c0,PROD_27434432,Produits de niche,pourcentage_remise,7.16,or,2017-06-11,21.0,email,3902.0,4412.94,2017-06-11,2017-07-02,3.0,1-10,510.9399999999996,0.13094310609943607,1
MKT_042a0ce7,CAMP_3cbea4c0,PROD_50b599f1,Produits grand public,remboursement_immediat,24.55,argent,2019-04-21,28.0,SMS,30164.0,22220.5,2019-04-21,2019-05-19,4.0,21-40,-7943.5,-0.2633437209919109,0
MKT_df333585,CAMP_3cbea4c0,PROD_469654f9,Produits grand public,produit_gratuit,4.05,platine,2021-07-11,26.0,email,500.0,417.08,2021-07-11,2021-08-06,3.7142857142857144,1-10,-82.92000000000002,-0.16584000000000004,0
MKT_bcf73a1c,CAMP_3cbea4c0,PROD_0c7d3706,Produits grand public,remboursement_immediat,21.89,bronze,2024-08-07,20.0,email,5761.0,6932.43,2024-08-07,2024-08-27,2.857142857142857,21-40,1171.4300000000003,0.20333796215934738,1
MKT_887db2a6,CAMP_3cbea4c0,PROD_1f713cbf,Produits de niche,pourcentage_remise,7.15,unknown,2020-12-23,10.0,SMS,11533.0,9029.55,2020-12-23,2021-01-02,1.4285714285714286,1-10,-2503.4500000000007,-0.2170684123818608,0
MKT_f49fa645,CAMP_8ed1e15e,PROD_52c22b6a,Produits de niche,extra,17.775,inconnu,2024-07-12,26.0,email,500.0,604.78,2024-07-12,2024-08-07,3.7142857142857144,11-20,104.77999999999997,0.20955999999999994,1
MKT_c6e09cbe,CAMP_8ed1e15e,PROD_UNKNOWN,unknown,Narnia,15.31,or,2015-05-01,20.0,SMS,3934.0,3338.34,2015-05-01,2015-05-21,2.857142857142857,11-20,-595.6599999999999,-0.15141331977630906,0
MKT_64370d79,CAMP_8ed1e15e,PROD_f8d13d7c,Produits grand public,remboursement_immediat,44.06,platine,2019-07-04,15.0,SMS,11918.0,14014.43,2019-07-04,2019-07-19,2.142857142857143,40+,2096.4300000000003,0.17590451418023162,1
MKT_438a286f,CAMP_8ed1e15e,PROD_c56bc9df,Produits grand public,pourcentage_remise,23.01,bronze,2016-10-25,9.0,TV,500.0,626.91,2016-10-25,2016-11-03,1.2857142857142858,21-40,126.90999999999997,0.25381999999999993,1
BADID,CAMP_8ed1e15e,PROD_UNKNOWN,Produits grand public,pourcentage_remise,23.14,Narnia,2020-10-15,20.0,email,21794.0,22355.43,2020-10-15,2020-11-04,2.857142857142857,21-40,561.4300000000003,0.025760759842158407,1
MKT_02966591,CAMP_8ed1e15e,PROD_949b9899,Produits de niche,produit_gratuit,17.775,unknown,2021-03-16,27.0,SMS,11438.0,14395.33,2021-03-16,2021-04-12,3.857142857142857,11-20,2957.33,0.2585530687183074,1
MKT_79d9c3f9,CAMP_8ed1e15e,PROD_543941e7,Produits de niche,pourcentage_remise,23.3,bronze,2024-03-29,19.0,email,11146.0,8999.81,2024-03-29,2024-04-17,2.7142857142857144,21-40,-2146.1900000000005,-0.19255248519648308,0
MKT_22004cab,CAMP_e7b94ff2,PROD_2e4fc2b1,Produits grand public,pourcentage_remise,17.44,platine,2015-11-04,4.0,email,9774.0,11703.54,2015-11-04,2015-11-08,0.5714285714285714,11-20,1929.5400000000009,0.19741559238796816,1
MKT_80edcea5,CAMP_e7b94ff2,PROD_989751da,Produits de niche,pourcentage_remise,23.86,platine,2015-04-20,15.0,SMS,5234.0,4484.06,2015-04-20,2015-05-05,2.142857142857143,21-40,-749.9399999999996,-0.14328238440962926,0
MKT_e600b886,CAMP_e7b94ff2,PROD_d87dcae0,Produits grand public,remboursement_immediat,24.79,bronze,2017-03-13,8.0,email,7511.0,9171.59,2017-03-13,2017-03-21,1.1428571428571428,21-40,1660.5900000000001,0.22108773798428974,1
MKT_0326daff,CAMP_e7b94ff2,PROD_ca01b616,Produits grand public,remboursement_immediat,13.32,argent,2015-02-15,23.0,email,10814.0,11785.76,2015-02-15,2015-03-10,3.2857142857142856,11-20,971.7600000000002,0.08986129091917887,1
MKT_f88b8271,CAMP_e7b94ff2,PROD_d69f6288,Produits grand public,produit_gratuit,26.49,bronze,2023-02-17,15.0,TV,5519.0,5915.96,2023-02-17,2023-03-04,2.142857142857143,21-40,396.96000000000004,0.07192607356405147,1
MKT_d06024e4,CAMP_e7b94ff2,PROD_UNKNOWN,Produits grand public,pourcentage_remise,12.03,unknown,2024-01-26,21.0,SMS,6905.0,5552.59,2024-01-26,2024-02-16,3.0,11-20,-1352.4099999999999,-0.1958595220854453,0
MKT_142003c5,CAMP_e7b94ff2,PROD_4b9367a4,Produits grand public,unknown,17.775,argent,2019-01-09,6.0,email,13266.0,11070.8,2019-01-09,2019-01-15,0.8571428571428571,11-20,-2195.2000000000007,-0.16547565204281628,0
MKT_3cb0d194,CAMP_e7b94ff2,PROD_UNKNOWN,Produits de niche,pourcentage_remise,5.28,or,2015-10-26,19.0,unknown,500.0,490.6,2015-10-26,2015-11-14,2.7142857142857144,1-10,-9.399999999999977,-0.018799999999999956,0
MKT_5a0a46f2,CAMP_85be20d8,BADID,Produits grand public,remboursement_immediat,23.55,platine,2019-10-14,13.0,email,10742.0,10190.474999999999,2019-10-14,2019-10-27,1.8571428571428572,21-40,-551.5250000000015,-0.05134285980264396,0
MKT_4e69e86a,CAMP_85be20d8,PROD_dcea998f,Produits grand public,pourcentage_remise,13.83,bronze,2020-05-31,9.0,SMS,28817.0,23223.09,2020-05-31,2020-06-09,1.2857142857142858,11-20,-5593.91,-0.19411840233195682,0
MKT_f40fd67b,CAMP_85be20d8,PROD_66d3c289,Produits de niche,produit_gratuit,10.64,bronze,2020-08-05,22.0,email,26114.0,22390.77,2020-08-05,2020-08-27,3.142857142857143,11-20,-3723.2299999999996,-0.14257601286666155,0
MKT_70ff51c0,CAMP_85be20d8,PROD_de377a76,Produits grand public,pourcentage_remise,24.28,platine,2024-07-06,19.0,email,12358.0,13909.88,2024-07-06,2024-07-25,2.7142857142857144,21-40,1551.8799999999992,0.12557695419970863,1
MKT_32d22a66,CAMP_85be20d8,PROD_d163dcc5,Produits grand public,unknown,17.775,argent,2023-08-27,28.0,email,500.0,411.22,2023-08-27,2023-09-24,4.0,11-20,-88.77999999999997,-0.17755999999999994,0
BADID,CAMP_85be20d8,PROD_8dd55d94,Produits de niche,unknown,17.775,bronze,2020-01-21,10.0,TV,21065.0,22741.93,2020-01-21,2020-01-31,1.4285714285714286,11-20,1676.9300000000003,0.07960740564918112,1
MKT_4340bcf9,CAMP_85be20d8,PROD_f756d309,Produits grand public,remboursement_immediat,27.8,platine,2020-10-18,27.0,email,8477.0,10746.48,2020-10-18,2020-11-14,3.857142857142857,21-40,2269.4799999999996,0.2677220714875545,1
MKT_99d61e8e,CAMP_84c90af4,PROD_feec0f74,Produits grand public,pourcentage_remise,10.02,platine,2017-01-03,8.0,SMS,21382.0,17785.78,2017-01-03,2017-01-11,1.1428571428571428,11-20,-3596.220000000001,-0.1681891310448041,0
MKT_b00bbd77,CAMP_84c90af4,PROD_ac69c99f,unknown,remboursement_immediat,17.775,or,2018-12-13,25.0,TV,3891.0,3710.14,2018-12-13,2019-01-07,3.5714285714285716,11-20,-180.86000000000013,-0.04648162426111543,0
BADID,CAMP_84c90af4,PROD_570de586,Produits grand public,unknown,17.775,argent,2021-04-23,18.0,TV,5300.0,4063.54,2021-04-23,2021-05-11,2.5714285714285716,11-20,-1236.46,-0.2332943396226415,0
MKT_f67bd57a,CAMP_84c90af4,PROD_3b8e6ceb,Produits grand public,remboursement_immediat,21.45,or,2015-10-12,13.0,TV,13851.0,12656.17,2015-10-12,2015-10-25,1.8571428571428572,21-40,-1194.83,-0.08626308569778354,0
MKT_ddf057f4,CAMP_84c90af4,PROD_f189b945,Produits grand public,pourcentage_remise,25.53,bronze,2023-02-21,19.0,TV,4506.0,4325.11,2023-02-21,2023-03-12,2.7142857142857144,21-40,-180.89000000000033,-0.04014425210830012,0
MKT_87756075,CAMP_90deadf4,PROD_efaae5cf,Produits grand public,pourcentage_remise,9.16,or,2023-02-14,24.0,SMS,25017.0,30420.47,2023-02-14,2023-03-10,3.4285714285714284,1-10,5403.470000000001,0.2159919254906664,1
MKT_f96e2b45,CAMP_90deadf4,PROD_a88f3620,Produits grand public,pourcentage_remise,18.11,argent,2024-04-07,28.0,email,14509.0,18571.44,2024-04-07,2024-05-05,4.0,11-20,4062.4399999999987,0.27999448618099104,1
MKT_577d5e5b,CAMP_90deadf4,PROD_0b2c2374,Produits grand public,produit_gratuit,17.11,or,2018-01-03,26.0,unknown,24186.0,22267.19,2018-01-03,2018-01-29,3.7142857142857144,11-20,-1918.8100000000013,-0.07933556602993473,0
MKT_8f46ce10,CAMP_1069a528,PROD_3322afd7,Produits de niche,produit_gratuit,54.47,argent,2018-10-22,7.0,email,914.0,742.93,2018-10-22,2018-10-29,1.0,40+,-171.07000000000005,-0.18716630196936548,0
MKT_c4e0dfac,CAMP_1069a528,PROD_16c6ab81,Produits grand public,pourcentage_remise,18.98,or,2018-07-23,22.0,email,3017.0,3520.02,2018-07-23,2018-08-14,3.142857142857143,11-20,503.02,0.16672853828306264,1
MKT_c2274f76,CAMP_775c5e56,PROD_81c9ce00,Produits de niche,pourcentage_remise,24.84,or,2017-01-11,20.0,email,31793.0,32761.81,2017-01-11,2017-01-31,2.857142857142857,21-40,968.8100000000013,0.03047243103827891,1
MKT_f5150761,CAMP_a9176a6b,PROD_bcf99e89,Produits grand public,pourcentage_remise,17.4,platine,2025-04-27,19.0,SMS,500.0,629.4,2025-04-27,2025-05-16,2.7142857142857144,11-20,129.39999999999998,0.2588,1
MKT_711ab354,CAMP_a9176a6b,PROD_e5a44fe0,Produits grand public,pourcentage_remise,11.42,bronze,2024-08-27,30.0,SMS,20874.0,20628.8,2024-08-27,2024-09-26,4.285714285714286,11-20,-245.20000000000073,-0.011746670499185624,0
MKT_21f5b859,CAMP_a9176a6b,PROD_74954930,Produits grand public,pourcentage_remise,26.62,or,2021-03-28,9.0,SMS,11602.0,9259.53,2021-03-28,2021-04-06,1.2857142857142858,21-40,-2342.4699999999993,-0.20190225823133937,0
MKT_01d4df5a,CAMP_a9176a6b,PROD_64ffaafb,Produits de niche,pourcentage_remise,18.86,argent,2016-06-29,17.0,SMS,6603.0,5584.1,2016-06-29,2016-07-16,2.4285714285714284,11-20,-1018.8999999999996,-0.15430864758443127,0
MKT_cdac28f6,CAMP_a9176a6b,PROD_3a018a4d,Produits de niche,pourcentage_remise,29.74,bronze,2025-02-23,11.0,TV,17966.0,21043.85,2025-02-23,2025-03-06,1.5714285714285714,21-40,3077.8499999999985,0.17131526216186121,1
MKT_a5016424,CAMP_ba1f8f47,PROD_8f0df4a1,Produits grand public,remboursement_immediat,14.2,bronze,2019-09-17,6.0,email,23016.0,21978.59,2019-09-17,2019-09-23,0.8571428571428571,11-20,-1037.4099999999999,-0.045073427181091405,0
MKT_06efc3fd,CAMP_ba1f8f47,PROD_16002fe3,unknown,pourcentage_remise,5.2,argent,2019-10-29,30.0,SMS,10575.0,12148.63,2019-10-29,2019-11-28,4.285714285714286,1-10,1573.6299999999992,0.1488066193853427,1
MKT_41283084,CAMP_ba1f8f47,PROD_UNKNOWN,Produits grand public,remboursement_immediat,21.17,bronze,2021-06-08,15.0,email,12271.0,10719.75,2021-06-08,2021-06-23,2.142857142857143,21-40,-1551.25,-0.12641594002118817,0
MKT_a3e10b86,CAMP_ba1f8f47,PROD_3ae36b2d,Produits grand public,remboursement_immediat,12.23,bronze,2022-10-07,3.0,email,11338.0,7996.83,2022-10-07,2022-10-10,0.42857142857142855,11-20,-3341.17,-0.2946877756218028,0
MKT_517f771c,CAMP_ba1f8f47,PROD_b7400fa0,Produits de niche,produit_gratuit,17.775,argent,2018-02-14,26.0,SMS,10742.0,10826.34,2018-02-14,2018-03-12,3.7142857142857144,11-20,84.34000000000015,0.007851424315769889,1
MKT_ef500f1b,CAMP_e7b94ff2,PROD_7d9855a0,Produits de niche,produit_gratuit,43.62,or,2020-01-19,7.0,email,500.0,613.9,2020-01-19,2020-01-26,1.0,40+,113.89999999999998,0.22779999999999995,1
MKT_8ad6379a,CAMP_e7b94ff2,PROD_16d7b24f,Produits grand public,pourcentage_remise,13.78,argent,2024-01-29,14.0,email,3038.0,3918.3,2024-01-29,2024-02-12,2.0,11-20,880.3000000000002,0.2897630019749836,1
MKT_8937da7a,CAMP_e7b94ff2,PROD_72590de6,Produits de niche,produit_gratuit,6.67,bronze,2016-02-27,20.0,SMS,19953.0,20657.54,2016-02-27,2016-03-18,2.857142857142857,1-10,704.5400000000009,0.03530997844935603,1
MKT_8c8dc8bf,CAMP_3cbea4c0,PROD_UNKNOWN,Produits de niche,remboursement_immediat,17.775,platine,2020-09-25,10.0,TV,5813.0,6570.06,2020-09-25,2020-10-05,1.4285714285714286,11-20,757.0600000000004,0.13023567865129887,1
MKT_ac8cd6f2,CAMP_3cbea4c0,PROD_b7d91c4c,Produits grand public,remboursement_immediat,18.42,platine,2025-04-22,30.0,SMS,1749.0,2210.89,2025-04-22,2025-05-22,4.285714285714286,11-20,461.8899999999999,0.26408805031446536,1
MKT_6c67cbc7,CAMP_3cbea4c0,PROD_286c5081,unknown,pourcentage_remise,20.41,or,2015-01-24,27.0,SMS,7159.0,8200.69,2015-01-24,2015-02-20,3.857142857142857,21-40,1041.6900000000005,0.14550775247939662,1
MKT_268117df,CAMP_3cbea4c0,PROD_1f10a2b0,unknown,remboursement_immediat,27.41,argent,2020-05-17,11.0,TV,8024.0,5734.01,2020-05-17,2020-05-28,1.5714285714285714,21-40,-2289.99,-0.2853925722831505,0
MKT_2a1e2e89,CAMP_3cbea4c0,PROD_7bfaec97,Produits grand public,pourcentage_remise,8.36,argent,2017-07-17,26.0,unknown,500.0,620.5,2017-07-17,2017-08-12,3.7142857142857144,1-10,120.5,0.241,1
MKT_9795df12,CAMP_3cbea4c0,PROD_7bfaec97,Produits grand public,remboursement_immediat,24.14,platine,2016-09-16,22.0,email,8684.0,11165.28,2016-09-16,2016-10-08,3.142857142857143,21-40,2481.2800000000007,0.2857300783049287,1
MKT_d342b2fc,CAMP_3cbea4c0,PROD_2a2632e6,Produits grand public,pourcentage_remise,17.31,unknown,2023-04-26,21.0,TV,10742.0,8752.85,2023-04-26,2023-05-17,3.0,11-20,-1989.1499999999996,-0.18517501396388006,0
MKT_5352cc10,CAMP_ab561280,PROD_6a423d4d,Produits de niche,pourcentage_remise,19.9,platine,2025-06-27,30.0,email,4252.0,5365.23,2025-06-27,2025-07-27,4.285714285714286,11-20,1113.2299999999996,0.2618132643461899,1
MKT_36ca453e,CAMP_ab561280,PROD_1cda7f23,unknown,pourcentage_remise,29.01,bronze,2015-09-16,29.0,email,12559.0,13970.98,2015-09-16,2015-10-15,4.142857142857143,21-40,1411.9799999999996,0.11242774106218645,1
MKT_c5b1b246,CAMP_ab561280,PROD_09a63aeb,Produits de niche,pourcentage_remise,16.59,platine,2025-01-27,21.0,email,32300.0,23255.09,2025-01-27,2025-02-17,3.0,11-20,-9044.91,-0.280028173374613,0
MKT_2d74456d,CAMP_ab561280,PROD_dab2a95b,Produits grand public,pourcentage_remise,25.3,argent,2022-04-14,29.0,TV,7513.0,7661.73,2022-04-14,2022-05-13,4.142857142857143,21-40,148.72999999999956,0.01979635298815381,1
MKT_7f3b78a3,CAMP_ab561280,PROD_1d1ed819,Produits grand public,remboursement_immediat,10.96,or,2024-10-09,18.0,SMS,500.0,360.76,2024-10-09,2024-10-27,2.5714285714285716,11-20,-139.24,-0.27848,0
MKT_88a942b7,CAMP_ef6835ea,PROD_0b2c2374,Produits grand public,produit_gratuit,17.11,unknown,2020-10-11,22.0,TV,18425.0,13591.05,2020-10-11,2020-11-02,3.142857142857143,11-20,-4833.950000000001,-0.26235820895522394,0
MKT_7ef8bfb2,CAMP_ef6835ea,PROD_236e1217,Produits de niche,produit_gratuit,20.82,or,2025-12-05,4.0,SMS,17761.0,13511.66,2025-12-05,2025-12-09,0.5714285714285714,21-40,-4249.34,-0.23925116829007376,0
MKT_d0f9bb5b,CAMP_ef6835ea,PROD_7434a9f1,Produits de niche,pourcentage_remise,23.47,or,2023-08-26,4.0,unknown,19213.0,19048.33,2023-08-26,2023-08-30,0.5714285714285714,21-40,-164.66999999999825,-0.00857075938166857,0
MKT_e87296d1,CAMP_ef6835ea,PROD_1f885ef3,Produits grand public,pourcentage_remise,20.94,platine,2021-04-30,22.0,email,12804.0,10963.72,2021-04-30,2021-05-22,3.142857142857143,21-40,-1840.2800000000007,-0.1437269603248985,0
MKT_ebcb912d,CAMP_ef6835ea,PROD_d7293f6d,Produits de niche,extra,17.775,argent,2019-03-11,23.0,email,10742.0,6171.09,2019-03-11,2019-04-03,3.2857142857142856,11-20,-4570.91,-0.42551759448892196,0
MKT_2b20fc71,CAMP_ef6835ea,PROD_e5a44fe0,Produits grand public,pourcentage_remise,25.02,bronze,2021-11-20,15.0,TV,11245.0,9514.6,2021-11-20,2021-12-05,2.142857142857143,21-40,-1730.3999999999996,-0.15388172521120494,0
MKT_5a2e2ace,CAMP_ef6835ea,PROD_3109e4df,Produits grand public,pourcentage_remise,28.87,or,2016-08-02,25.0,email,5432.0,5569.06,2016-08-02,2016-08-27,3.5714285714285716,21-40,137.0600000000004,0.025231958762886673,1
MKT_e522095b,CAMP_1069a528,PROD_94fbb7c4,Produits grand public,pourcentage_remise,11.34,argent,2025-08-31,24.0,SMS,20758.0,16590.49,2025-08-31,2025-09-24,3.4285714285714284,11-20,-4167.509999999998,-0.20076645148858263,0
MKT_8654a7a2,CAMP_1069a528,PROD_2e7ff4b0,Produits de niche,pourcentage_remise,29.12,platine,2023-08-14,21.0,TV,18006.0,14788.25,2023-08-14,2023-09-04,3.0,21-40,-3217.75,-0.17870432078196158,0
MKT_3f72d0ec,CAMP_1069a528,PROD_0dd0647d,unknown,pourcentage_remise,24.49,bronze,2015-03-28,29.0,TV,500.0,481.53,2015-03-28,2015-04-26,4.142857142857143,21-40,-18.470000000000027,-0.036940000000000056,0
MKT_64178b26,CAMP_1069a528,PROD_5974bb56,Produits grand public,remboursement_immediat,22.75,or,2024-07-02,25.0,SMS,6452.0,6188.54,2024-07-02,2024-07-27,3.5714285714285716,21-40,-263.46000000000004,-0.04083384996900186,0
MKT_78a50abc,CAMP_1069a528,PROD_c10bd76a,unknown,remboursement_immediat,7.53,platine,2023-09-23,18.0,email,10742.0,10190.474999999999,2023-09-23,2023-10-11,2.5714285714285716,1-10,-551.5250000000015,-0.05134285980264396,0
MKT_acf7caf8,CAMP_1069a528,PROD_694664d9,Produits grand public,pourcentage_remise,17.39,argent,2025-01-28,30.0,SMS,500.0,545.56,2025-01-28,2025-02-27,4.285714285714286,11-20,45.559999999999945,0.0911199999999999,1
MKT_061bc9ab,CAMP_1069a528,PROD_38309b74,Produits de niche,remboursement_immediat,8.64,platine,2017-07-14,25.0,email,10214.0,9318.86,2017-07-14,2017-08-08,3.5714285714285716,1-10,-895.1399999999994,-0.08763853534364592,0
MKT_d96551ad,CAMP_e7b94ff2,PROD_3daf4b0a,Produits de niche,produit_gratuit,175.71,argent,2022-08-13,24.0,unknown,500.0,588.78,2022-08-13,2022-09-06,3.4285714285714284,40+,88.77999999999997,0.17755999999999994,1
MKT_c310157c,CAMP_e7b94ff2,PROD_642e270d,Produits grand public,remboursement_immediat,3.35,argent,2018-12-09,19.0,email,6784.0,7059.69,2018-12-09,2018-12-28,2.7142857142857144,1-10,275.6899999999996,0.040638266509433904,1
BADID,CAMP_e7b94ff2,PROD_UNKNOWN,unknown,pourcentage_remise,17.775,platine,2018-08-11,13.0,TV,9739.0,8412.83,2018-08-11,2018-08-24,1.8571428571428572,11-20,-1326.17,-0.13617106479104632,0
MKT_9551e644,CAMP_e7b94ff2,PROD_UNKNOWN,Produits grand public,remboursement_immediat,49.83,bronze,2020-01-09,25.0,TV,610.0,536.06,2020-01-09,2020-02-03,3.5714285714285716,40+,-73.94000000000005,-0.12121311475409845,0
MKT_f7c55d79,CAMP_e7b94ff2,PROD_b301f04f,Produits grand public,pourcentage_remise,15.98,bronze,2022-01-09,5.0,email,11033.0,10474.76,2022-01-09,2022-01-14,0.7142857142857143,11-20,-558.2399999999998,-0.050597299012054724,0
MKT_4c29009a,CAMP_e7b94ff2,PROD_UNKNOWN,unknown,produit_gratuit,28.43,platine,2022-09-07,23.0,SMS,14203.0,16922.78,2022-09-07,2022-09-30,3.2857142857142856,21-40,2719.779999999999,0.1914933464760965,1
MKT_6ea01548,CAMP_07f3c139,PROD_a300b224,Produits grand public,produit_gratuit,9.68,unknown,2025-03-29,6.0,email,2595.0,3079.23,2025-03-29,2025-04-04,0.8571428571428571,1-10,484.23,0.18660115606936417,1
MKT_ff974da4,CAMP_07f3c139,PROD_96afc512,Produits de niche,pourcentage_remise,12.77,argent,2019-11-14,19.0,email,15777.0,16807.59,2019-11-14,2019-12-03,2.7142857142857144,11-20,1030.5900000000001,0.06532230462065032,1
MKT_277c63e8,CAMP_07f3c139,PROD_45b0e07f,Produits grand public,unknown,17.775,or,2020-09-25,10.0,TV,18220.0,15867.74,2020-09-25,2020-10-05,1.4285714285714286,11-20,-2352.26,-0.12910318331503842,0
BADID,CAMP_0863c91c,PROD_0984fc7c,Produits grand public,remboursement_immediat,9.84,bronze,2017-06-21,29.0,email,10742.0,10190.474999999999,2017-06-21,2017-07-20,4.142857142857143,1-10,-551.5250000000015,-0.05134285980264396,0
MKT_e468aec4,CAMP_0863c91c,PROD_63bbf3c6,Produits grand public,pourcentage_remise,15.64,bronze,2023-08-31,23.0,TV,500.0,469.42,2023-08-31,2023-09-23,3.2857142857142856,11-20,-30.579999999999984,-0.06115999999999997,0
BADID,CAMP_0863c91c,PROD_10d30839,Produits grand public,extra,17.775,platine,2021-04-17,22.0,TV,10742.0,10190.474999999999,2021-04-17,2021-05-09,3.142857142857143,11-20,-551.5250000000015,-0.05134285980264396,0
MKT_0adaa573,CAMP_0863c91c,PROD_1734cf6c,Produits grand public,produit_gratuit,61.7,argent,2016-12-06,18.0,email,12214.0,13004.62,2016-12-06,2016-12-24,2.5714285714285716,40+,790.6200000000008,0.06473063697396438,1
MKT_1dc4edc3,CAMP_41703ab1,PROD_6c8267aa,Produits de niche,pourcentage_remise,5.23,unknown,2018-05-21,19.0,email,761.0,724.42,2018-05-21,2018-06-09,2.7142857142857144,1-10,-36.58000000000004,-0.04806833114323264,0
MKT_f7454c91,CAMP_41703ab1,PROD_c573dfaa,Produits grand public,produit_gratuit,17.775,unknown,2016-06-01,10.0,unknown,8715.0,10042.98,2016-06-01,2016-06-11,1.4285714285714286,11-20,1327.9799999999996,0.15237865748709117,1
MKT_c8fe75d6,CAMP_41703ab1,PROD_b5819181,Produits grand public,remboursement_immediat,15.76,bronze,2016-04-18,10.0,SMS,3141.0,3572.24,2016-04-18,2016-04-28,1.4285714285714286,11-20,431.2399999999998,0.1372938554600445,1
MKT_e2c9147a,CAMP_41703ab1,PROD_543941e7,Produits de niche,pourcentage_remise,24.0,bronze,2016-05-18,4.0,SMS,10742.0,10190.474999999999,2016-05-18,2016-05-22,0.5714285714285714,21-40,-551.5250000000015,-0.05134285980264396,0
MKT_916cbeec,CAMP_ba1f8f47,PROD_6f435020,Produits grand public,pourcentage_remise,12.88,or,2020-12-11,7.0,email,8207.0,10473.2,2020-12-11,2020-12-18,1.0,11-20,2266.2000000000007,0.276130132813452,1
MKT_fc848d49,CAMP_ba1f8f47,PROD_6a4fe51b,Produits grand public,pourcentage_remise,5.97,platine,2024-09-24,22.0,SMS,9630.0,11452.52,2024-09-24,2024-10-16,3.142857142857143,1-10,1822.5200000000004,0.1892544132917965,1
MKT_37055db9,CAMP_ba1f8f47,PROD_902bd408,Produits grand public,produit_gratuit,3.02,unknown,2018-06-09,22.0,SMS,13876.0,17464.61,2018-06-09,2018-07-01,3.142857142857143,1-10,3588.6100000000006,0.2586199192850966,1
BADID,CAMP_ba1f8f47,PROD_UNKNOWN,Produits grand public,unknown,17.775,unknown,2015-03-13,20.0,email,7797.0,7289.51,2015-03-13,2015-04-02,2.857142857142857,11-20,-507.4899999999998,-0.065087854302937,0
MKT_7b96cd8d,CAMP_ba1f8f47,PROD_6c9c1dfc,Produits de niche,pourcentage_remise,5.17,bronze,2020-04-22,8.0,TV,23268.0,25551.62,2020-04-22,2020-04-30,1.1428571428571428,1-10,2283.619999999999,0.09814423242221072,1
MKT_abf7bb11,CAMP_ba1f8f47,PROD_0c7d3706,Produits de niche,pourcentage_remise,10.3,or,2019-02-27,27.0,email,21268.0,24993.4,2019-02-27,2019-03-26,3.857142857142857,11-20,3725.4000000000015,0.17516456648485995,1
MKT_26b8cd40,CAMP_ab880a57,PROD_UNKNOWN,Produits grand public,unknown,17.775,bronze,2019-03-23,19.0,SMS,10742.0,14127.7,2019-03-23,2019-04-11,2.7142857142857144,11-20,3385.7000000000007,0.31518339229193826,1
MKT_a0ccdd5d,CAMP_ab880a57,PROD_4629d4bc,Produits grand public,remboursement_immediat,3.6,or,2025-01-29,27.0,email,13845.0,14228.58,2025-01-29,2025-02-25,3.857142857142857,1-10,383.5799999999999,0.027705308775731307,1
MKT_e3ebb9ad,CAMP_ab880a57,PROD_4b57bc61,Produits grand public,unknown,17.775,or,2020-06-05,17.0,SMS,5574.0,6586.12,2020-06-05,2020-06-22,2.4285714285714284,11-20,1012.1199999999999,0.1815787585217079,1
MKT_8d9c902f,CAMP_ab880a57,PROD_f17cb82d,Produits de niche,pourcentage_remise,27.38,bronze,2016-09-06,5.0,TV,12967.0,11109.8,2016-09-06,2016-09-11,0.7142857142857143,21-40,-1857.2000000000007,-0.14322510989434725,0
MKT_ecf1346b,CAMP_ab880a57,PROD_bcd28638,Produits grand public,pourcentage_remise,26.67,or,2015-10-16,4.0,SMS,14320.0,10382.94,2015-10-16,2015-10-20,0.5714285714285714,21-40,-3937.0599999999995,-0.27493435754189943,0
MKT_94871e5b,CAMP_ab880a57,PROD_aab8500d,Produits de niche,pourcentage_remise,15.67,or,2017-10-17,5.0,email,14471.0,18382.19,2017-10-17,2017-10-22,0.7142857142857143,11-20,3911.1899999999987,0.27027779697325677,1
MKT_d5e913ce,CAMP_704dd874,PROD_065273d0,Produits de niche,pourcentage_remise,9.91,or,2017-11-13,21.0,email,18377.0,18114.06,2017-11-13,2017-12-04,3.0,1-10,-262.9399999999987,-0.014308102519453594,0
MKT_929b9088,CAMP_704dd874,PROD_ef645b66,Produits grand public,pourcentage_remise,9.83,bronze,2025-04-11,18.0,email,13230.0,16822.58,2025-04-11,2025-04-29,2.5714285714285716,1-10,3592.5800000000017,0.27154799697656856,1
MKT_21a5e8cd,CAMP_704dd874,PROD_61255443,Produits grand public,pourcentage_remise,13.92,platine,2021-01-22,10.0,email,12557.0,10318.32,2021-01-22,2021-02-01,1.4285714285714286,11-20,-2238.6800000000003,-0.17828143664888113,0
MKT_27a3d0db,CAMP_704dd874,PROD_8011daf4,Produits de niche,produit_gratuit,10.9,platine,2025-12-29,16.0,TV,20181.0,17120.49,2025-12-29,2026-01-14,2.2857142857142856,11-20,-3060.5099999999984,-0.15165303998810756,0
MKT_769f83e4,CAMP_704dd874,PROD_b2540c40,Produits grand public,pourcentage_remise,10.72,platine,2022-09-22,29.0,SMS,10797.0,7732.6,2022-09-22,2022-10-21,4.142857142857143,11-20,-3064.3999999999996,-0.2838195795128276,0
MKT_4ad9b337,CAMP_07f3c139,PROD_39002d3b,Produits de niche,produit_gratuit,30.47,or,2015-06-28,19.0,email,10742.0,10190.474999999999,2015-06-28,2015-07-17,2.7142857142857144,21-40,-551.5250000000015,-0.05134285980264396,0
MKT_17991a6d,CAMP_90deadf4,PROD_969a99b5,unknown,produit_gratuit,46.78,platine,2025-11-06,19.0,email,14566.0,14944.04,2025-11-06,2025-11-25,2.7142857142857144,40+,378.0400000000009,0.025953590553343463,1
MKT_4dab825b,CAMP_90deadf4,PROD_1177af14,Produits grand public,unknown,17.775,argent,2024-07-05,26.0,email,15281.0,15474.17,2024-07-05,2024-07-31,3.7142857142857144,11-20,193.17000000000007,0.012641188403900274,1
MKT_ba04b2de,CAMP_90deadf4,PROD_8c0c970c,Produits grand public,pourcentage_remise,10.17,bronze,2017-01-20,3.0,TV,7022.0,8294.11,2017-01-20,2017-01-23,0.42857142857142855,11-20,1272.1100000000006,0.18116063799487334,1
MKT_4829a624,CAMP_90deadf4,PROD_10d30839,unknown,pourcentage_remise,7.68,argent,2019-04-06,13.0,SMS,10742.0,10190.474999999999,2019-04-06,2019-04-19,1.8571428571428572,1-10,-551.5250000000015,-0.05134285980264396,0
MKT_67dd29ac,CAMP_c3d5984e,PROD_UNKNOWN,Produits grand public,inconnu,17.775,or,2017-12-21,17.0,TV,11052.0,12128.34,2017-12-21,2018-01-07,2.4285714285714284,11-20,1076.3400000000001,0.09738870792616722,1
MKT_8bd63e74,CAMP_c3d5984e,PROD_b13cf763,Produits de niche,pourcentage_remise,29.19,or,2016-10-28,23.0,email,20210.0,24870.31,2016-10-28,2016-11-20,3.2857142857142856,21-40,4660.310000000001,0.2305942602671945,1
MKT_01c3fe98,CAMP_ef6835ea,PROD_d6697da1,Produits grand public,pourcentage_remise,25.83,argent,2016-09-11,23.0,SMS,6035.0,7760.47,2016-09-11,2016-10-04,3.2857142857142856,21-40,1725.4700000000003,0.285910521955261,1
MKT_c15e3ec9,CAMP_ef6835ea,PROD_63d921bb,Produits de niche,unknown,17.775,argent,2015-10-09,15.0,email,500.0,372.8,2015-10-09,2015-10-24,2.142857142857143,11-20,-127.19999999999999,-0.25439999999999996,0
MKT_68383d80,CAMP_3428bd0e,PROD_7e282561,Produits grand public,unknown,17.775,or,2018-02-23,28.0,email,500.0,578.86,2018-02-23,2018-03-23,4.0,11-20,78.86000000000001,0.15772000000000003,1
MKT_47cbd29c,CAMP_3428bd0e,PROD_4c4ce3c3,Produits de niche,pourcentage_remise,11.47,argent,2018-03-28,9.0,TV,500.0,585.14,2018-03-28,2018-04-06,1.2857142857142858,11-20,85.13999999999999,0.17027999999999996,1
MKT_b826574c,CAMP_3428bd0e,PROD_855f9a05,Produits grand public,remboursement_immediat,33.51,bronze,2024-11-17,7.0,unknown,522.0,674.23,2024-11-17,2024-11-24,1.0,21-40,152.23000000000002,0.2916283524904215,1
BADID,CAMP_3428bd0e,PROD_2336a253,Produits de niche,produit_gratuit,30.08,platine,2015-05-24,30.0,TV,10742.0,4380.34,2015-05-24,2015-06-23,4.285714285714286,21-40,-6361.66,-0.5922230497114132,0
MKT_2f5a474f,CAMP_3428bd0e,PROD_a7bb2a7e,Produits de niche,pourcentage_remise,24.24,platine,2020-07-06,11.0,TV,5843.0,6902.78,2020-07-06,2020-07-17,1.5714285714285714,21-40,1059.7799999999997,0.18137600547663868,1
MKT_c65fe6f6,CAMP_3428bd0e,PROD_6dc12e6d,Produits grand public,remboursement_immediat,5.4,platine,2020-05-23,12.0,email,13964.0,11529.14,2020-05-23,2020-06-04,1.7142857142857142,1-10,-2434.8600000000006,-0.17436694356917792,0
MKT_4a5c1d56,CAMP_3428bd0e,PROD_0a288ca2,Produits grand public,pourcentage_remise,18.99,platine,2019-06-28,8.0,SMS,20089.0,17196.58,2019-06-28,2019-07-06,1.1428571428571428,11-20,-2892.4199999999983,-0.1439802877196475,0
MKT_4ecf52b5,CAMP_e7b94ff2,PROD_d6697da1,unknown,pourcentage_remise,6.64,unknown,2019-04-11,28.0,email,17083.0,18778.77,2019-04-11,2019-05-09,4.0,1-10,1695.7700000000004,0.09926652227360537,1
MKT_82aa5343,CAMP_e7b94ff2,PROD_0655782a,Produits grand public,produit_gratuit,103.0,bronze,2024-09-23,19.0,TV,4320.0,4259.92,2024-09-23,2024-10-12,2.7142857142857144,40+,-60.07999999999993,-0.013907407407407391,0
MKT_59a92d99,CAMP_e7b94ff2,PROD_3347d0c5,Produits grand public,unknown,17.775,bronze,2016-05-15,12.0,SMS,5226.0,3965.53,2016-05-15,2016-05-27,1.7142857142857142,11-20,-1260.4699999999998,-0.24119211634137003,0
MKT_191b070d,CAMP_e7b94ff2,PROD_UNKNOWN,Produits grand public,pourcentage_remise,18.67,Narnia,2018-06-10,3.0,email,10742.0,32259.42,2018-06-10,2018-06-13,0.42857142857142855,11-20,21517.42,2.0031111524855705,1
MKT_1d391fb7,CAMP_e7b94ff2,PROD_3061da9c,Produits grand public,produit_gratuit,5.34,argent,2019-12-23,26.0,email,10742.0,10190.474999999999,2019-12-23,2020-01-18,3.7142857142857144,1-10,-551.5250000000015,-0.05134285980264396,0
MKT_7c677b64,CAMP_e7b94ff2,PROD_b7d97d8f,Produits de niche,pourcentage_remise,11.22,or,2025-07-20,19.0,SMS,17315.0,12580.85,2025-07-20,2025-08-08,2.7142857142857144,11-20,-4734.15,-0.2734132255269997,0
MKT_a45c0e37,CAMP_e7b94ff2,PROD_UNKNOWN,Produits grand public,pourcentage_remise,12.37,bronze,2018-03-29,7.0,email,3158.0,3797.0,2018-03-29,2018-04-05,1.0,11-20,639.0,0.20234325522482585,1
MKT_9eac5413,CAMP_e7b94ff2,PROD_54459c7d,Produits de niche,unknown,17.775,or,2019-10-08,7.0,SMS,16255.0,18139.07,2019-10-08,2019-10-15,1.0,11-20,1884.0699999999997,0.11590710550599814,1
BADID,CAMP_cacd42f2,PROD_47662ee5,Produits grand public,Narnia,17.775,bronze,2023-08-08,21.0,TV,19475.0,24887.85,2023-08-08,2023-08-29,3.0,11-20,5412.8499999999985,0.2779383825417201,1
MKT_cc8e635f,CAMP_cacd42f2,PROD_63d921bb,Produits grand public,remboursement_immediat,28.91,bronze,2019-09-08,12.0,SMS,11562.0,8558.35,2019-09-08,2019-09-20,1.7142857142857142,21-40,-3003.6499999999996,-0.25978636914028713,0
BADID,CAMP_cacd42f2,PROD_7b9e6b1e,Produits de niche,extra,37.8,unknown,2020-11-30,11.0,email,18606.0,21095.65,2020-11-30,2020-12-11,1.5714285714285714,21-40,2489.6500000000015,0.1338089863484898,1
MKT_0a69e270,CAMP_404e2990,PROD_69b16fac,unknown,pourcentage_remise,16.73,argent,2021-01-15,11.0,email,10742.0,10190.474999999999,2021-01-15,2021-01-26,1.5714285714285714,11-20,-551.5250000000015,-0.05134285980264396,0
MKT_524bbd53,CAMP_404e2990,PROD_54459c7d,Produits grand public,remboursement_immediat,27.39,bronze,2020-12-18,24.0,email,10742.0,10190.474999999999,2020-12-18,2021-01-11,3.4285714285714284,21-40,-551.5250000000015,-0.05134285980264396,0
MKT_fde2c855,CAMP_404e2990,PROD_UNKNOWN,Produits grand public,pourcentage_remise,18.19,argent,2020-05-07,3.0,email,18585.0,13066.13,2020-05-07,2020-05-10,0.42857142857142855,11-20,-5518.870000000001,-0.2969529190207157,0
MKT_87d5c9ba,CAMP_404e2990,PROD_63bbf3c6,Produits grand public,remboursement_immediat,22.82,unknown,2015-01-11,21.0,email,19384.0,15427.92,2015-01-11,2015-02-01,3.0,21-40,-3956.08,-0.20408997111019397,0
MKT_afca5e83,CAMP_404e2990,PROD_585fa6f0,Produits de niche,pourcentage_remise,11.7,or,2018-04-08,30.0,email,500.0,369.46,2018-04-08,2018-05-08,4.285714285714286,11-20,-130.54000000000002,-0.26108000000000003,0
MKT_4e43ab1b,CAMP_21637d40,BADID,Produits grand public,pourcentage_remise,20.58,or,2016-03-03,14.0,SMS,12950.0,12323.25,2016-03-03,2016-03-17,2.0,21-40,-626.75,-0.0483976833976834,0
MKT_f31c879d,CAMP_21637d40,PROD_39002d3b,Produits grand public,pourcentage_remise,14.77,or,2017-07-04,11.0,SMS,8795.0,10209.97,2017-07-04,2017-07-15,1.5714285714285714,11-20,1414.9699999999993,0.16088345650938027,1
BADID,CAMP_21637d40,PROD_b2540c40,Produits grand public,inconnu,98.41,bronze,2024-10-02,21.0,TV,10742.0,18073.6,2024-10-02,2024-10-23,3.0,40+,7331.5999999999985,0.682517222118786,1
MKT_8446c337,CAMP_21637d40,PROD_c33ce883,Produits grand public,remboursement_immediat,12.49,bronze,2016-05-31,19.0,email,11900.0,9878.09,2016-05-31,2016-06-19,2.7142857142857144,11-20,-2021.9099999999999,-0.16990840336134452,0
MKT_630ee744,CAMP_21637d40,PROD_4aac8a0c,unknown,unknown,17.775,argent,2021-07-28,24.0,email,16861.0,14436.98,2021-07-28,2021-08-21,3.4285714285714284,11-20,-2424.0200000000004,-0.1437649012514086,0
MKT_d4f001f6,CAMP_21637d40,PROD_66d3c289,Produits grand public,pourcentage_remise,7.31,bronze,2015-06-13,19.0,TV,10742.0,2574.05,2015-06-13,2015-07-02,2.7142857142857144,1-10,-8167.95,-0.7603751629119344,0
MKT_2ca24356,CAMP_21637d40,BADID,Produits de niche,pourcentage_remise,11.0,bronze,2021-03-01,20.0,SMS,27395.0,33942.81,2021-03-01,2021-03-21,2.857142857142857,11-20,6547.809999999998,0.2390147837196568,1
MKT_cbd3a5fd,CAMP_21637d40,PROD_0eb2d27c,Produits grand public,remboursement_immediat,15.08,or,2025-07-06,19.0,SMS,10742.0,10190.474999999999,2025-07-06,2025-07-25,2.7142857142857144,11-20,-551.5250000000015,-0.05134285980264396,0
MKT_d9852b37,CAMP_c3d5984e,PROD_21cb6e2f,Produits grand public,inconnu,17.775,argent,2016-05-18,17.0,SMS,23155.0,18982.12,2016-05-18,2016-06-04,2.4285714285714284,11-20,-4172.880000000001,-0.18021507233858783,0
MKT_5865dfee,CAMP_c257497a,PROD_16d7b24f,Produits de niche,pourcentage_remise,21.55,platine,2020-04-26,11.0,TV,13769.0,12668.28,2020-04-26,2020-05-07,1.5714285714285714,21-40,-1100.7199999999993,-0.07994189846757203,0
MKT_b487f8f2,CAMP_c257497a,PROD_4b9367a4,Produits grand public,produit_gratuit,14.17,argent,2018-12-05,25.0,TV,20672.0,20191.22,2018-12-05,2018-12-30,3.5714285714285716,11-20,-480.77999999999884,-0.023257546439628428,0
MKT_abe2417f,CAMP_c257497a,PROD_f3583a50,Produits de niche,remboursement_immediat,40.88,bronze,2023-06-08,30.0,email,10344.0,11855.72,2023-06-08,2023-07-08,4.285714285714286,40+,1511.7199999999993,0.14614462490332553,1
MKT_04938d23,CAMP_c257497a,PROD_UNKNOWN,Produits grand public,unknown,17.775,or,2025-01-01,17.0,SMS,19889.0,25653.85,2025-01-01,2025-01-18,2.4285714285714284,11-20,5764.8499999999985,0.2898511740157875,1
MKT_f35982b0,CAMP_77d1353f,PROD_69b16fac,Produits grand public,pourcentage_remise,28.17,platine,2017-01-14,20.0,email,2125.0,1586.06,2017-01-14,2017-02-03,2.857142857142857,21-40,-538.94,-0.2536188235294118,0
MKT_d0785dfe,CAMP_77d1353f,PROD_53770cb4,unknown,produit_gratuit,155.02,platine,2015-10-27,15.0,TV,10742.0,10190.474999999999,2015-10-27,2015-11-11,2.142857142857143,40+,-551.5250000000015,-0.05134285980264396,0
MKT_b4ef24c4,CAMP_77d1353f,PROD_7e282561,Produits grand public,produit_gratuit,289.61,argent,2019-05-13,20.0,email,4271.0,3594.92,2019-05-13,2019-06-02,2.857142857142857,40+,-676.0799999999999,-0.15829548115195502,0
MKT_3d9f9cc3,CAMP_77d1353f,PROD_fc589a62,Produits grand public,unknown,17.775,bronze,2015-08-12,23.0,SMS,8696.0,10436.71,2015-08-12,2015-09-04,3.2857142857142856,11-20,1740.7099999999991,0.20017364305427773,1
MKT_da787d9e,CAMP_3428bd0e,PROD_286c5081,Produits de niche,unknown,17.775,platine,2019-10-13,23.0,email,1427.0,1075.63,2019-10-13,2019-11-05,3.2857142857142856,11-20,-351.3699999999999,-0.24622985283812185,0
MKT_5831f3cb,CAMP_3428bd0e,PROD_f79a0201,Produits grand public,remboursement_immediat,33.0,bronze,2020-08-18,17.0,TV,4808.0,3386.91,2020-08-18,2020-09-04,2.4285714285714284,21-40,-1421.0900000000001,-0.29556780366056573,0
